States,upper,t,r,u,e,f,a,l,s,lower,digit,exp,+,-,.,_,(,),{,},[,],",",;,:,\n,\r,\t, ,#
1,12,17,,,,21,,,,,5,,4,4,,,26,27,28,29,30,31,32,33,34,13,14,15,16,2
2,,,,,,,,,,,,,,,,,,,,,,,,,,,,,,3
3,3,3,3,3,3,3,3,3,3,3,3,3,3,3,3,3,3,3,3,3,3,3,3,3,3,1,3,3,3,3
4,,,,,,,,,,,5,,,,,,,,,,,,,,,,,,,
5,1,1,1,1,1,1,1,1,1,1,5,1,1,1,7,1,1,1,1,1,1,1,1,1,1,1,1,1,1,1
6,1,1,1,1,1,1,1,1,1,1,1,1,1,1,1,1,1,1,1,1,1,1,1,1,1,1,1,1,1,1
7,,,,,,,,,,,8,,,,,,,,,,,,,,,,,,,
8,1,1,1,1,1,1,1,1,1,1,8,9,1,1,1,1,1,1,1,1,1,1,1,1,1,1,1,1,1,1
9,,,,,,,,,,,11,,10,10,,,,,,,,,,,,,,,,
10,,,,,,,,,,,11,,,,,,,,,,,,,,,,,,,
11,1,1,1,1,1,1,1,1,1,1,11,1,1,1,1,1,1,1,1,1,1,1,1,1,1,1,1,1,1,1
12,1,1,1,1,1,1,1,1,1,12,12,1,1,1,1,12,1,1,1,1,1,1,1,1,1,1,1,1,1,1
13,1,1,1,1,1,1,1,1,1,1,1,1,1,1,1,1,1,1,1,1,1,1,1,1,1,1,1,1,1,1
14,1,1,1,1,1,1,1,1,1,1,1,1,1,1,1,1,1,1,1,1,1,1,1,1,1,1,1,1,1,1
15,1,1,1,1,1,1,1,1,1,1,1,1,1,1,1,1,1,1,1,1,1,1,1,1,1,1,1,1,1,1
16,1,1,1,1,1,1,1,1,1,1,1,1,1,1,1,1,1,1,1,1,1,1,1,1,1,1,1,1,1,1
17,,,18,,,,,,,,,,,,,,,,,,,,,,,,,,,
18,,,,19,,,,,,,,,,,,,,,,,,,,,,,,,,
19,,,,,20,,,,,,,,,,,,,,,,,,,,,,,,,
20,1,1,1,1,1,1,1,1,1,1,1,1,1,1,1,1,1,1,1,1,1,1,1,1,1,1,1,1,1,1
21,,,,,,,22,,,,,,,,,,,,,,,,,,,,,,,
22,,,,,,,,23,,,,,,,,,,,,,,,,,,,,,,
23,,,,,,,,,24,,,,,,,,,,,,,,,,,,,,,
24,,,,,25,,,,,,,,,,,,,,,,,,,,,,,,,
25,1,1,1,1,1,1,1,1,1,1,1,1,1,1,1,1,1,1,1,1,1,1,1,1,1,1,1,1,1,1
26,1,1,1,1,1,1,1,1,1,1,1,1,1,1,1,1,1,1,1,1,1,1,1,1,1,1,1,1,1,1
27,1,1,1,1,1,1,1,1,1,1,1,1,1,1,1,1,1,1,1,1,1,1,1,1,1,1,1,1,1,1
28,1,1,1,1,1,1,1,1,1,1,1,1,1,1,1,1,1,1,1,1,1,1,1,1,1,1,1,1,1,1
29,1,1,1,1,1,1,1,1,1,1,1,1,1,1,1,1,1,1,1,1,1,1,1,1,1,1,1,1,1,1
30,1,1,1,1,1,1,1,1,1,1,1,1,1,1,1,1,1,1,1,1,1,1,1,1,1,1,1,1,1,1
31,1,1,1,1,1,1,1,1,1,1,1,1,1,1,1,1,1,1,1,1,1,1,1,1,1,1,1,1,1,1
32,1,1,1,1,1,1,1,1,1,1,1,1,1,1,1,1,1,1,1,1,1,1,1,1,1,1,1,1,1,1
33,1,1,1,1,1,1,1,1,1,1,1,1,1,1,1,1,1,1,1,1,1,1,1,1,1,1,1,1,1,1
34,1,1,1,1,1,1,1,1,1,1,1,1,1,1,1,1,1,1,1,1,1,1,1,1,1,1,1,1,1,1